num,rss_url
0,https://feeds.buzzsprout.com/310226.rss
1,https://feeds.simplecast.com/jQEXqr0y
2,https://www.spreaker.com/show/2986159/episodes/feed
3,https://feeds.simplecast.com/FMUd4fE9
4,https://herstoryofsuccess.libsyn.com/rss
5,https://www.spreaker.com/show/3181788/episodes/feed
6,https://feeds.buzzsprout.com/1555667.rss
7,https://feeds.buzzsprout.com/1820316.rss
8,http://feeds.megaphone.fm/history-of-world-war-ii
9,https://feeds.buzzsprout.com/1126490.rss
10,https://feeds.buzzsprout.com/1203797.rss
11,https://feeds.soundcloud.com/users/soundcloud:users:294125270/sounds.rss
12,https://mybusinessonpurpose.libsyn.com/rss
13,https://podcasts.files.bbci.co.uk/p02nq0gn.rss
14,https://pinecast.com/feed/gaylords-of-darkness
15,https://sasquatchchronicles.libsyn.com/rss
16,http://www.blogtalkradio.com/moneyripples/podcast
17,http://podcast.randommovement.org/podcasts/R_m-podcast.xml
18,https://www.spreaker.com/show/3013930/episodes/feed
19,https://feed.pod.co/you-me-empathy-sharing-our-mental-health-stories
20,https://feeds.buzzsprout.com/570790.rss
21,https://www.omnycontent.com/d/playlist/e73c998e-6e60-432f-8610-ae210140c5b1/01891723-b9f7-459c-a03c-aeac01364986/46e9a45b-cb89-4c6d-a54a-aeac01364994/podcast.rss
22,https://feeds.feedburner.com/AirplaneOwnerMaintenance
23,https://feeds.megaphone.fm/LAV6188802246
24,https://feeds.buzzsprout.com/600328.rss
25,https://feeds.feedburner.com/AceOnTheHouse
26,https://www.spreaker.com/show/4650875/episodes/feed
27,https://blendcast.fm/shows/off-book-the-improvised-musical.rss
28,https://anchor.fm/s/3f031a8/podcast/rss
29,https://sailon.podbean.com/feed.xml
30,https://tracyotsuka.libsyn.com/rss
31,https://feeds.soundcloud.com/users/soundcloud:users:34525275/sounds.rss
32,https://TheBusinessMethod.podbean.com/feed.xml
33,https://rebelcast.libsyn.com/rss
34,https://anchor.fm/s/fc53820/podcast/rss
35,https://simplewholesaling.libsyn.com/rss
36,https://feeds.buzzsprout.com/1321837.rss
37,https://feeds.soundcloud.com/users/soundcloud:users:63476135/sounds.rss
38,https://www.spreaker.com/show/4161473/episodes/feed
39,https://anchor.fm/s/23809238/podcast/rss
40,https://feeds.buzzsprout.com/1482160.rss
41,https://feeds.captivate.fm/strangers-in-the-pines/
